type,name,module,path,hash
"csv","agent-manifest","_config","_config/agent-manifest.csv","08b5725a3047bfa120588e35e7075a0526dfefe6c47712523ab6e35a3c4b5539"
"csv","task-manifest","_config","_config/task-manifest.csv","0359a41c232b7f714ed335d97af4a87892cd2db43f67c4e246c02d78058d8596"
"csv","workflow-manifest","_config","_config/workflow-manifest.csv","bd3f385b64151a40d53a2e319f08aea735665fb9780c8e6c361b0a8b7569d546"
"yaml","manifest","_config","_config/manifest.yaml","33edc691a238e1bbe3785656ce12c28aedbb9e0038e75d28e6f0c1c4355ea0c7"
"md","documentation-standards","_memory","_memory/tech-writer-sidecar/documentation-standards.md","913fca735cccc6cf7bb066fc4097579ba8ebd78f789b5b806c221f9cca58d2c6"
"yaml","config","_memory","_memory/config.yaml","e6bff262a20be3565c5203b53cbd119da2d246955726955b737c502224c85be5"
"csv","default-party","bmm","bmm/teams/default-party.csv","636e073b0923e9c50c5e0a44cdd61d965aa14a69f5a690236e5629c0cd7ebfc8"
"csv","documentation-requirements","bmm","bmm/workflows/document-project/documentation-requirements.csv","d1253b99e88250f2130516b56027ed706e643bfec3d99316727a4c6ec65c6c1d"
"csv","domain-complexity","bmm","bmm/workflows/2-plan-workflows/create-prd/data/domain-complexity.csv","f775f09fb4dc1b9214ca22db4a3994ce53343d976d7f6e5384949835db6d2770"
"csv","domain-complexity","bmm","bmm/workflows/3-solutioning/create-architecture/data/domain-complexity.csv","3dc34ed39f1fc79a51f7b8fc92087edb7cd85c4393a891d220f2e8dd5a101c70"
"csv","module-help","bmm","bmm/module-help.csv","4018b0e8a05601174aa5e5545dea894fd8625887f722aeffb5b79460c903a7fc"
"csv","project-types","bmm","bmm/workflows/2-plan-workflows/create-prd/data/project-types.csv","5ed4815d9192dc0a3d763d94d1763073f186df11d934a5d5ee6bbc79edda5ab6"
"csv","project-types","bmm","bmm/workflows/3-solutioning/create-architecture/data/project-types.csv","12343635a2f11343edb1d46906981d6f5e12b9cad2f612e13b09460b5e5106e7"
"json","project-scan-report-schema","bmm","bmm/workflows/document-project/templates/project-scan-report-schema.json","8466965321f1db22f5013869636199f67e0113706283c285a7ffbbf5efeea321"
"md","architecture-decision-template","bmm","bmm/workflows/3-solutioning/create-architecture/architecture-decision-template.md","5d9adf90c28df61031079280fd2e49998ec3b44fb3757c6a202cda353e172e9f"
"md","checklist","bmm","bmm/workflows/4-implementation/code-review/checklist.md","e30d2890ba5c50777bbe04071f754e975a1d7ec168501f321a79169c4201dd28"
"md","checklist","bmm","bmm/workflows/4-implementation/correct-course/checklist.md","35bcc33a933038846c3fd6459ee69a4eaccae55209e6e103a4d0f6c789b35df8"
"md","checklist","bmm","bmm/workflows/4-implementation/create-story/checklist.md","195e76f5d5dfbcf3aafdcd5def04bc691cd53f8cf6ba8dfa5aa28c321328ddd5"
"md","checklist","bmm","bmm/workflows/4-implementation/dev-story/checklist.md","630b68c6824a8785003a65553c1f335222b17be93b1bd80524c23b38bde1d8af"
"md","checklist","bmm","bmm/workflows/4-implementation/sprint-planning/checklist.md","80b10aedcf88ab1641b8e5f99c9a400c8fd9014f13ca65befc5c83992e367dd7"
"md","checklist","bmm","bmm/workflows/document-project/checklist.md","581b0b034c25de17ac3678db2dbafedaeb113de37ddf15a4df6584cf2324a7d7"
"md","checklist","bmm","bmm/workflows/qa-generate-e2e-tests/checklist.md","4ccb6a0deb1045d09a243a34ef84127de8cf513f618d346f4a8bad3af2fac722"
"md","deep-dive-instructions","bmm","bmm/workflows/document-project/workflows/deep-dive-instructions.md","406aae12d1b8b3a6015906749f08f5e50e2ca687cdde331586ace6900ec08203"
"md","deep-dive-template","bmm","bmm/workflows/document-project/templates/deep-dive-template.md","6198aa731d87d6a318b5b8d180fc29b9aa53ff0966e02391c17333818e94ffe9"
"md","deep-dive-workflow","bmm","bmm/workflows/document-project/workflows/deep-dive-workflow.md","3b5c4bc529545fcb4e0c8581543a8421da214c0f84470358b8ac7bff5fbfee6f"
"md","epics-template","bmm","bmm/workflows/3-solutioning/create-epics-and-stories/templates/epics-template.md","cdaa080cc9cedad8be0357dbb838d1e82d015bdb507e0152a99350bafe137908"
"md","full-scan-instructions","bmm","bmm/workflows/document-project/workflows/full-scan-instructions.md","fa56736d62e115d06cf48b36829ca763b77578a53b13c2a7c172b3fd6f605aaa"
"md","full-scan-workflow","bmm","bmm/workflows/document-project/workflows/full-scan-workflow.md","e1267df4256b505d515802d5d1131f764df8a2708c37a6f0ba2394a2e9d3c57d"
"md","index-template","bmm","bmm/workflows/document-project/templates/index-template.md","a011143dc511373fdadd5ce0be00a673206df6edfedf2f5a14025afbc8414f5a"
"md","instructions","bmm","bmm/workflows/document-project/instructions.md","4899b8765559ffca02b70ce856a1af6c37aec2c65477dfadce680f9b6bdd43dc"
"md","prd-purpose","bmm","bmm/workflows/2-plan-workflows/create-prd/data/prd-purpose.md","e500eb88140e6c29845056630f1ce3fbe74c3bd4163bf8dd5d0ba1c995043a3a"
"md","prd-template","bmm","bmm/workflows/2-plan-workflows/create-prd/templates/prd-template.md","7ccccab9c06a626b7a228783b0b9b6e4172e9ec0b10d47bbfab56958c898f837"
"md","product-brief.template","bmm","bmm/workflows/1-analysis/create-product-brief/product-brief.template.md","ae0f58b14455efd75a0d97ba68596a3f0b58f350cd1a0ee5b1af69540f949781"
"md","project-context-template","bmm","bmm/data/project-context-template.md","facd60b71649247146700b1dc7d709fa0ae09487f7cf2b5ff8f5ce1b3a8427e8"
"md","project-context-template","bmm","bmm/workflows/generate-project-context/project-context-template.md","54e351394ceceb0ac4b5b8135bb6295cf2c37f739c7fd11bb895ca16d79824a5"
"md","project-overview-template","bmm","bmm/workflows/document-project/templates/project-overview-template.md","4679685112ca454bf649caf9830dddc4dacd3cfebe6d91bdf669d845690065db"
"md","readiness-report-template","bmm","bmm/workflows/3-solutioning/check-implementation-readiness/templates/readiness-report-template.md","0da97ab1e38818e642f36dc0ef24d2dae69fc6e0be59924dc2dbf44329738ff6"
"md","research.template","bmm","bmm/workflows/1-analysis/research/research.template.md","507bb6729476246b1ca2fca4693986d286a33af5529b6cd5cb1b0bb5ea9926ce"
"md","source-tree-template","bmm","bmm/workflows/document-project/templates/source-tree-template.md","3bb2291192e18ad85a6e7a88abd3bf020d0f1657aec0cd3f075fdec8b5b32c2e"
"md","step-01-clarify-and-route","bmm","bmm/workflows/skad-quick-flow/skad-quick-dev-new-preview/steps/step-01-clarify-and-route.md","b07ae65c6a350b3b4e13265ff4605859464c0e75a4c39444644ec93a63927a47"
"md","step-01-discover","bmm","bmm/workflows/generate-project-context/steps/step-01-discover.md","c0f66e193ad1909684b7c51b61856b48f25efc21d5c93b17fe5769dd3fb36c5b"
"md","step-01-document-discovery","bmm","bmm/workflows/3-solutioning/check-implementation-readiness/steps/step-01-document-discovery.md","9204972d801c28a76433230942c81bacc171e6b6951d3226cea9e7ca5c9310f1"
"md","step-01-init","bmm","bmm/workflows/1-analysis/create-product-brief/steps/step-01-init.md","160257db472a6cf66d00bbe66bd5f05327baf45aed1153a743c3b4b9c1451c60"
"md","step-01-init","bmm","bmm/workflows/1-analysis/research/domain-steps/step-01-init.md","a2e49c992034a1044a4762bd2b5d54d000e78d4b752da7a3f50f975f5298272d"
"md","step-01-init","bmm","bmm/workflows/1-analysis/research/market-steps/step-01-init.md","8fc93c598760d1ca2404f3f8a85d5eb1f79a8ca6b85c254aaaebb2f5e3627d91"
"md","step-01-init","bmm","bmm/workflows/1-analysis/research/technical-steps/step-01-init.md","4473c675549f3aca60fe88bdbaf8c8f9b1d90effc828f72d39700e6faa6f5c4f"
"md","step-01-init","bmm","bmm/workflows/2-plan-workflows/create-prd/steps-c/step-01-init.md","6ad502fa5bf5639eaf6a42e8f0bc0f2b811e0a3fd2ae3a24ed3333365f99e23c"
"md","step-01-init","bmm","bmm/workflows/2-plan-workflows/create-ux-design/steps/step-01-init.md","1cadfd66f147fe9039e4cec510c1f069ecfb639ee664ad51737a622595651fe0"
"md","step-01-init","bmm","bmm/workflows/3-solutioning/create-architecture/steps/step-01-init.md","0948c3cf59412fe3ec1f868109b863a0153e26a4e48981fb46fc94754ac03b7c"
"md","step-01-mode-detection","bmm","bmm/workflows/skad-quick-flow/quick-dev/steps/step-01-mode-detection.md","144a97f03a23a67fb1f946ec6f3d05c012782fbe2d79c83ff526a21090c5f2e7"
"md","step-01-understand","bmm","bmm/workflows/skad-quick-flow/quick-spec/steps/step-01-understand.md","c464b4632ba7d1c3fdf501ef43db3a6c103e75db4007f734f555090ea4a5f3fe"
"md","step-01-validate-prerequisites","bmm","bmm/workflows/3-solutioning/create-epics-and-stories/steps/step-01-validate-prerequisites.md","d8b5aae7165f7832937e9daf0e407493b0c936d7aa2fe4f5e9ac6557c0a2c925"
"md","step-01b-continue","bmm","bmm/workflows/1-analysis/create-product-brief/steps/step-01b-continue.md","cbc1bd8eafcc6d53b9f29ac81040c9902f25e0a42cd3bec02f88dec77e8b5542"
"md","step-01b-continue","bmm","bmm/workflows/2-plan-workflows/create-prd/steps-c/step-01b-continue.md","b34f74e1fbadeb46b6e02dd01ce4a819c1d04276ead351a21c6ef4a94dcebcad"
"md","step-01b-continue","bmm","bmm/workflows/2-plan-workflows/create-ux-design/steps/step-01b-continue.md","d17ee0a122017999681523454261ceb8d206d3171f438726414c1a79324bc67e"
"md","step-01b-continue","bmm","bmm/workflows/3-solutioning/create-architecture/steps/step-01b-continue.md","f61e17d203d4a4fcd9264845b3e555cd870d665695641ede097d1c3d19970e68"
"md","step-02-context","bmm","bmm/workflows/3-solutioning/create-architecture/steps/step-02-context.md","bec25ad928b08cc7c911f68862bb229d7c8da81aee712ec8ad6e618284cc5746"
"md","step-02-context-gathering","bmm","bmm/workflows/skad-quick-flow/quick-dev/steps/step-02-context-gathering.md","5def199ac169f33fdf872a710a04c53459306450e93ea36841765274cdfba046"
"md","step-02-customer-behavior","bmm","bmm/workflows/1-analysis/research/market-steps/step-02-customer-behavior.md","9b37d456a00176074a714e97e367eeb0484b7c0e5da64b93b9c3d3dec6a1f70e"
"md","step-02-design-epics","bmm","bmm/workflows/3-solutioning/create-epics-and-stories/steps/step-02-design-epics.md","09ccfdaba5f55d803364ad5a201187e0435ba3e731f41311f7b8e6b983c34117"
"md","step-02-discovery","bmm","bmm/workflows/2-plan-workflows/create-prd/steps-c/step-02-discovery.md","0656e85be4ac227ed2c7271b68d968370618aa519ad084410970ca01899fb69e"
"md","step-02-discovery","bmm","bmm/workflows/2-plan-workflows/create-ux-design/steps/step-02-discovery.md","3a0ef26bbeb2661d57d6c489b7a6c3308c50820256e122d5588a7e4e1c4634e7"
"md","step-02-domain-analysis","bmm","bmm/workflows/1-analysis/research/domain-steps/step-02-domain-analysis.md","2564a8368d320eaab68b6035b51486849b6188dae0c4eab811c01b3ff77a3b65"
"md","step-02-generate","bmm","bmm/workflows/generate-project-context/steps/step-02-generate.md","d2e454c6beb9004a490387d96b2c16e12c750ff10c62138f5a43c2ddc1624c4d"
"md","step-02-investigate","bmm","bmm/workflows/skad-quick-flow/quick-spec/steps/step-02-investigate.md","a038a171216aa8d03726219e44c1f9bdc620ad2b676b8d3e7438d849a80b9df9"
"md","step-02-plan","bmm","bmm/workflows/skad-quick-flow/skad-quick-dev-new-preview/steps/step-02-plan.md","2ccc27045af5d4b6049b27470c0c851b2cd0c0e0ad540042d7849dcfebc31c5a"
"md","step-02-prd-analysis","bmm","bmm/workflows/3-solutioning/check-implementation-readiness/steps/step-02-prd-analysis.md","f8c4f293c0a040fa9f73829ffeabfa073d0a8ade583adaefb26431ec83a76398"
"md","step-02-technical-overview","bmm","bmm/workflows/1-analysis/research/technical-steps/step-02-technical-overview.md","0602f37261a0fde2fee39d34b2b9efdcc0ab38130d9192bd20c8701884c1a6ed"
"md","step-02-vision","bmm","bmm/workflows/1-analysis/create-product-brief/steps/step-02-vision.md","8f06d05e32998b5df712aa3f73a34531a593f1511d7adc2b4c057fa2b9d6365f"
"md","step-02b-vision","bmm","bmm/workflows/2-plan-workflows/create-prd/steps-c/step-02b-vision.md","e599cfa54ffca99c614d12e6924a51ff6b66731f076f21cce7b7bac4fa4e380a"
"md","step-02c-executive-summary","bmm","bmm/workflows/2-plan-workflows/create-prd/steps-c/step-02c-executive-summary.md","db7c50127444b9277f90c6e1d50dab98b0430f3009cb4d11bd7eaaf8360f1fb8"
"md","step-03-competitive-landscape","bmm","bmm/workflows/1-analysis/research/domain-steps/step-03-competitive-landscape.md","f37cd287a35af6ae57467621b062e283dee2e1161d4e03ebd78fd8f265b1e59f"
"md","step-03-complete","bmm","bmm/workflows/generate-project-context/steps/step-03-complete.md","000db254c064f8905718fd367f7671698ccd137f165245beea88616b76a3cf1c"
"md","step-03-core-experience","bmm","bmm/workflows/2-plan-workflows/create-ux-design/steps/step-03-core-experience.md","d6307ca286d217b42013d9a76195f3caae279c62760e4617238f7d337138f3ab"
"md","step-03-create-stories","bmm","bmm/workflows/3-solutioning/create-epics-and-stories/steps/step-03-create-stories.md","126bfc1c1bb94e78bcc4a080c1816669471f2da1cf9e1b481657479e9cb17bde"
"md","step-03-customer-pain-points","bmm","bmm/workflows/1-analysis/research/market-steps/step-03-customer-pain-points.md","2d48f1bfbde54e40a8e71e29176ba2097cecbdb04b6dccb3c3a2f43beeaa3ad7"
"md","step-03-epic-coverage-validation","bmm","bmm/workflows/3-solutioning/check-implementation-readiness/steps/step-03-epic-coverage-validation.md","f425bcac163b9ea63a004039ff65fffea3499d9e01a2821bb11e0e17e6b6fc52"
"md","step-03-execute","bmm","bmm/workflows/skad-quick-flow/quick-dev/steps/step-03-execute.md","1352d075adaa6dfabe3653c99c3e3039645d0a1f8e170b1efec865789c925add"
"md","step-03-generate","bmm","bmm/workflows/skad-quick-flow/quick-spec/steps/step-03-generate.md","bfdc9f8219ffb212ca97e34c274d8323a8000c36de4756d01e51f75a01bb8abb"
"md","step-03-implement","bmm","bmm/workflows/skad-quick-flow/skad-quick-dev-new-preview/steps/step-03-implement.md","6b3ef70305f5feb6dec051e180ce5a71e1e94bbaf8ef0551fca38aa6967dce2e"
"md","step-03-integration-patterns","bmm","bmm/workflows/1-analysis/research/technical-steps/step-03-integration-patterns.md","c57952b42337cf7bf73d44ed163024892a9cc715760633c5819d0cc3d5bc5dc8"
"md","step-03-starter","bmm","bmm/workflows/3-solutioning/create-architecture/steps/step-03-starter.md","4670e04f315c3f37fa4750a4660545fe4c553839000e5e2d1e736cdca423f222"
"md","step-03-success","bmm","bmm/workflows/2-plan-workflows/create-prd/steps-c/step-03-success.md","db36fa203ab08f9d5043e2b3767dfa77b0d8a02d52d1031296369ab2a3e724c7"
"md","step-03-users","bmm","bmm/workflows/1-analysis/create-product-brief/steps/step-03-users.md","0e847a2559a2be605ed28b4ac835da7347038a1d1e153754a92dc72a7ed974a9"
"md","step-04-architectural-patterns","bmm","bmm/workflows/1-analysis/research/technical-steps/step-04-architectural-patterns.md","453af6b78a977132e1faab33a633c4203c9f9467f3bdb5d58ff9d9ff7d08ee2a"
"md","step-04-customer-decisions","bmm","bmm/workflows/1-analysis/research/market-steps/step-04-customer-decisions.md","700323572a7391baaefda939d1d4b9c698a1a4fd8966b06dca87509ced4dfdc9"
"md","step-04-decisions","bmm","bmm/workflows/3-solutioning/create-architecture/steps/step-04-decisions.md","e0fa4b1ee05aa9ef1c6f24d50018f98a0344bd6ed1f598cc7996bb673869a53b"
"md","step-04-emotional-response","bmm","bmm/workflows/2-plan-workflows/create-ux-design/steps/step-04-emotional-response.md","23febc558c01afeba75c49264b47f12588d9dd7541aa14d689f1e8645b05df04"
"md","step-04-final-validation","bmm","bmm/workflows/3-solutioning/create-epics-and-stories/steps/step-04-final-validation.md","dda752aed0ce6c3ac7c15f4652407b784d844c1a5e526b5293acfef1c66843bd"
"md","step-04-journeys","bmm","bmm/workflows/2-plan-workflows/create-prd/steps-c/step-04-journeys.md","90b54f324fec82b99edafed78430ca6ea15b9003e95cb725d7ad3f7eedc30068"
"md","step-04-metrics","bmm","bmm/workflows/1-analysis/create-product-brief/steps/step-04-metrics.md","16ea59c612ecde6be98ba70444e1488ec83d95bcabfee9d5725435a363145484"
"md","step-04-regulatory-focus","bmm","bmm/workflows/1-analysis/research/domain-steps/step-04-regulatory-focus.md","e2a0cead91f091e1ac42b882254b399db108b31395937ed70bb3674de3346fcc"
"md","step-04-review","bmm","bmm/workflows/skad-quick-flow/quick-spec/steps/step-04-review.md","9e5e858d0abb7b4bfdcf0ee372d41afa1e7bada1633721dff2134f18b89cdfb6"
"md","step-04-review","bmm","bmm/workflows/skad-quick-flow/skad-quick-dev-new-preview/steps/step-04-review.md","578b65840e06766882524a13b06c903cd741864eab01e07302f9b2d79cb36825"
"md","step-04-self-check","bmm","bmm/workflows/skad-quick-flow/quick-dev/steps/step-04-self-check.md","1ce5e16467975326c68ad111249b3444c5f0b67830eab3711a2fa134d1ac4476"
"md","step-04-ux-alignment","bmm","bmm/workflows/3-solutioning/check-implementation-readiness/steps/step-04-ux-alignment.md","d2e15adf2aecc2c72f9bb9051e94042fc522fd7cfb16376f41bdcdd294319703"
"md","step-05-adversarial-review","bmm","bmm/workflows/skad-quick-flow/quick-dev/steps/step-05-adversarial-review.md","bb696398c21356f2de791bbe4705c6a8d70b3256ed228b2f48b5757a833312c1"
"md","step-05-competitive-analysis","bmm","bmm/workflows/1-analysis/research/market-steps/step-05-competitive-analysis.md","ff6f606a80ffaf09aa325e38a4ceb321b97019e6542241b2ed4e8eb38b35efa8"
"md","step-05-domain","bmm","bmm/workflows/2-plan-workflows/create-prd/steps-c/step-05-domain.md","b3894dc4a9f54ba9666efc65d12fbce0a093236e39e887f84d9b1854b2e6bed7"
"md","step-05-epic-quality-review","bmm","bmm/workflows/3-solutioning/check-implementation-readiness/steps/step-05-epic-quality-review.md","e7fd60676d6ade485de77ce2dd4229811912594cb924d6c15bae5d9bdf105a7d"
"md","step-05-implementation-research","bmm","bmm/workflows/1-analysis/research/technical-steps/step-05-implementation-research.md","ef50a12c728196d59e76b82aa67522644e6cad11f3b19fe1ebbfcd51dd819bfa"
"md","step-05-inspiration","bmm","bmm/workflows/2-plan-workflows/create-ux-design/steps/step-05-inspiration.md","2845d1c704cc183fc1307763bf95cb57569fe46582b35f999912ff90f6f09816"
"md","step-05-openproject-sync","bmm","bmm/workflows/3-solutioning/create-epics-and-stories/steps/step-05-openproject-sync.md","6659b063142b552e7b9271efd5e2a0036b406f61e68b7973b1f0aa5d2a367419"
"md","step-05-patterns","bmm","bmm/workflows/3-solutioning/create-architecture/steps/step-05-patterns.md","2d7630e1820677bd0c9dde98eb1d3b38d8d76bd98ceeea0a1b660af446b1f3f8"
"md","step-05-present","bmm","bmm/workflows/skad-quick-flow/skad-quick-dev-new-preview/steps/step-05-present.md","65269531b39365f797f68092ba231c0493ff3d22e97289674e2b32dc3ff52e12"
"md","step-05-scope","bmm","bmm/workflows/1-analysis/create-product-brief/steps/step-05-scope.md","87c56ebd5ebc94871356d39fff90439de00397857f189b11d208c92ee60ebd7b"
"md","step-05-technical-trends","bmm","bmm/workflows/1-analysis/research/domain-steps/step-05-technical-trends.md","0b13e4bbe137840e5651089e9630405e75a2713dc6d69fd88787a240ec984497"
"md","step-06-complete","bmm","bmm/workflows/1-analysis/create-product-brief/steps/step-06-complete.md","7f94e62f62f81425be3f7ae9b2df6f699df3236a77c679b24f908e346abd742e"
"md","step-06-design-system","bmm","bmm/workflows/2-plan-workflows/create-ux-design/steps/step-06-design-system.md","933eb2dc8988520fb7439557bbe64e143ea2244cf43b6480079c71050319b902"
"md","step-06-final-assessment","bmm","bmm/workflows/3-solutioning/check-implementation-readiness/steps/step-06-final-assessment.md","7d17344b8a6fb1e8e363a972981046cffd2e23ae622c374d40ddcdcbcb8f4f16"
"md","step-06-innovation","bmm","bmm/workflows/2-plan-workflows/create-prd/steps-c/step-06-innovation.md","71ea02f71ff9a37ff3702d2e196e0ce0e73ed2310e9271cf521ea9f87c7e97ab"
"md","step-06-research-completion","bmm","bmm/workflows/1-analysis/research/market-steps/step-06-research-completion.md","3e76d92d2a81589db6f34089f7a56fa8da802a3ab462562e898b3ef27e78fc39"
"md","step-06-research-synthesis","bmm","bmm/workflows/1-analysis/research/domain-steps/step-06-research-synthesis.md","0e13fbbbf33c6a4ca8a4950fc72d6212da2f588bb4b0f63211d0ea3e2cc80d7a"
"md","step-06-research-synthesis","bmm","bmm/workflows/1-analysis/research/technical-steps/step-06-research-synthesis.md","4c9877e8b291ed6b830dbccbf6073f7458c89cbb263613738d2a22c68e48ec7f"
"md","step-06-resolve-findings","bmm","bmm/workflows/skad-quick-flow/quick-dev/steps/step-06-resolve-findings.md","e657af6e3687e15852c860f018b73aa263bdcf6b9d544771a8c0c715581a2c99"
"md","step-06-structure","bmm","bmm/workflows/3-solutioning/create-architecture/steps/step-06-structure.md","6dbd571be6cf01d8254ad377320402d954f1aaf5b09353dbaebade499178738b"
"md","step-07-defining-experience","bmm","bmm/workflows/2-plan-workflows/create-ux-design/steps/step-07-defining-experience.md","b4a1caf5055a98c9c11090589405082b40f491c930990fb2c89b1daeb1fefcb9"
"md","step-07-project-type","bmm","bmm/workflows/2-plan-workflows/create-prd/steps-c/step-07-project-type.md","cb8e3e6b84246ee5e88b789ac2e2d8150a9b11837574667a5509db92af260542"
"md","step-07-validation","bmm","bmm/workflows/3-solutioning/create-architecture/steps/step-07-validation.md","9de588e9bef4ecc427a1246d9e41eb57217354fc663fc85af33921508f1bf7a5"
"md","step-08-complete","bmm","bmm/workflows/3-solutioning/create-architecture/steps/step-08-complete.md","86ea6d036272efd9c9583d33783d568bf5e26198777eca68012476c62709bf33"
"md","step-08-scoping","bmm","bmm/workflows/2-plan-workflows/create-prd/steps-c/step-08-scoping.md","e574594788594e80ecdf950f773dbafba15b668c41a71dfb26f90b33d762c6f8"
"md","step-08-visual-foundation","bmm","bmm/workflows/2-plan-workflows/create-ux-design/steps/step-08-visual-foundation.md","11d25b620e5038fe7c26d4c1f49ff6856e489497bb0f3b051a3ca0d57751616a"
"md","step-09-design-directions","bmm","bmm/workflows/2-plan-workflows/create-ux-design/steps/step-09-design-directions.md","54da731f2eb16ddb599f3b4cba2c9c63ae36a027eeba7b6147be2c49d1826534"
"md","step-09-functional","bmm","bmm/workflows/2-plan-workflows/create-prd/steps-c/step-09-functional.md","8e3360f2e5e78c597b7ab40a72da0fed1f0037ac2021ab6810e62290844550b2"
"md","step-10-nonfunctional","bmm","bmm/workflows/2-plan-workflows/create-prd/steps-c/step-10-nonfunctional.md","a6639b8e02744e6db0c9c0c151c23dd873436df7a0136fddf88553fa7fc7264d"
"md","step-10-user-journeys","bmm","bmm/workflows/2-plan-workflows/create-ux-design/steps/step-10-user-journeys.md","05fc4766dd0b41667da66e99026c330988c0f8a0030caf67e4e1d633643cb9c6"
"md","step-11-component-strategy","bmm","bmm/workflows/2-plan-workflows/create-ux-design/steps/step-11-component-strategy.md","a213239d833f5cfbec242cedd1c5d001ad72d0ca69956daa03d57bf4c01cdb32"
"md","step-11-polish","bmm","bmm/workflows/2-plan-workflows/create-prd/steps-c/step-11-polish.md","6327ade62c6d7d26878489726d82cec37f63c2165d3d3d2108b07bb8a80e1edc"
"md","step-12-complete","bmm","bmm/workflows/2-plan-workflows/create-prd/steps-c/step-12-complete.md","350ddf0e1014f934316b9d111d0ab921195b26930bf1691a3adcea993c31e5a8"
"md","step-12-ux-patterns","bmm","bmm/workflows/2-plan-workflows/create-ux-design/steps/step-12-ux-patterns.md","bd71048934211e531d8c1aceb7d2dc095c0bc30af6550e3da6298828e8773a24"
"md","step-13-responsive-accessibility","bmm","bmm/workflows/2-plan-workflows/create-ux-design/steps/step-13-responsive-accessibility.md","3cd76c2a5296c4d1e2232766e49d9e6d231f64365e22756e82144a9b52684eee"
"md","step-14-complete","bmm","bmm/workflows/2-plan-workflows/create-ux-design/steps/step-14-complete.md","18a1fa8fd89ab8c47c771b6658780be50f3fc802543bf7b3d26b87c700dd76fb"
"md","step-e-01-discovery","bmm","bmm/workflows/2-plan-workflows/create-prd/steps-e/step-e-01-discovery.md","e3c42ec4f64c93c12bdaf914322486dba760019a088be885aeb73dd8b58f114c"
"md","step-e-01b-legacy-conversion","bmm","bmm/workflows/2-plan-workflows/create-prd/steps-e/step-e-01b-legacy-conversion.md","dce021bfc1d2b67d1f7b138949d405bc8b3a3606e66c4a6983903175b182493d"
"md","step-e-02-review","bmm","bmm/workflows/2-plan-workflows/create-prd/steps-e/step-e-02-review.md","4178fb01624b3aae3d4b62ab983d428040f89eee320f5bffea32d6d11e6173d2"
"md","step-e-03-edit","bmm","bmm/workflows/2-plan-workflows/create-prd/steps-e/step-e-03-edit.md","73b13a36729a3e8e12fc729bd55c74781b373eb2bcd40b4d00e36a6975c6e070"
"md","step-e-04-complete","bmm","bmm/workflows/2-plan-workflows/create-prd/steps-e/step-e-04-complete.md","1b6b38d91d7326fbb9482d5b94640d7bd89b15624bd9d1555c8009cbfd8b1845"
"md","step-v-01-discovery","bmm","bmm/workflows/2-plan-workflows/create-prd/steps-v/step-v-01-discovery.md","e51e207f22ce8b65ca89c1593d94bd669638bbd293e22542d9bb0b2b79562123"
"md","step-v-02-format-detection","bmm","bmm/workflows/2-plan-workflows/create-prd/steps-v/step-v-02-format-detection.md","1f929f96f1fb45a59ae5b6874668d0ef38fa4de8575c5d05c5069b6996656d2e"
"md","step-v-02b-parity-check","bmm","bmm/workflows/2-plan-workflows/create-prd/steps-v/step-v-02b-parity-check.md","c0d368357e6f860f684f9cde5edc98e2ccd669083a4968fb7f0ff25406abcdbc"
"md","step-v-03-density-validation","bmm","bmm/workflows/2-plan-workflows/create-prd/steps-v/step-v-03-density-validation.md","fc3b98055149c8b536a597f044240f24880005f8cd7e14c3f64ed0e50dbc9765"
"md","step-v-04-brief-coverage-validation","bmm","bmm/workflows/2-plan-workflows/create-prd/steps-v/step-v-04-brief-coverage-validation.md","97eb248c7d67e6e5121dd0b020409583998fba433799ea4c5c8cb40c7ff9c7c1"
"md","step-v-05-measurability-validation","bmm","bmm/workflows/2-plan-workflows/create-prd/steps-v/step-v-05-measurability-validation.md","2f331ee6d4f174dec0e4b434bf7691bfcf3a13c6ee0c47a65989badaa6b6a28c"
"md","step-v-06-traceability-validation","bmm","bmm/workflows/2-plan-workflows/create-prd/steps-v/step-v-06-traceability-validation.md","970ea67486211a611a701e1490ab7e8f2f98060a9f78760b6ebfdb9f37743c74"
"md","step-v-07-implementation-leakage-validation","bmm","bmm/workflows/2-plan-workflows/create-prd/steps-v/step-v-07-implementation-leakage-validation.md","f75d1d808fdf3d61b15bea55418b82df747f45902b6b22fe541e83b4ea3fa465"
"md","step-v-08-domain-compliance-validation","bmm","bmm/workflows/2-plan-workflows/create-prd/steps-v/step-v-08-domain-compliance-validation.md","a1902baaf4eaaf946e5c2c2101a1ac46f8ee4397e599218b8dc030cd00c97512"
"md","step-v-09-project-type-validation","bmm","bmm/workflows/2-plan-workflows/create-prd/steps-v/step-v-09-project-type-validation.md","d53e95264625335184284d3f9d0fc6e7674f67bdf97e19362fc33df4bea7f096"
"md","step-v-10-smart-validation","bmm","bmm/workflows/2-plan-workflows/create-prd/steps-v/step-v-10-smart-validation.md","8977fc576c519866fdb5d565d60655c8791db690db1bb7fbb75eb72f1ff4c612"
"md","step-v-11-holistic-quality-validation","bmm","bmm/workflows/2-plan-workflows/create-prd/steps-v/step-v-11-holistic-quality-validation.md","78c3dc83f175780cfbf66448592987dcdc415879feaab0ab5031299971965611"
"md","step-v-12-completeness-validation","bmm","bmm/workflows/2-plan-workflows/create-prd/steps-v/step-v-12-completeness-validation.md","c966933a0ca3753db75591325cef4d4bdaf9639a1a63f9438758d32f7e1a1dda"
"md","step-v-13-report-complete","bmm","bmm/workflows/2-plan-workflows/create-prd/steps-v/step-v-13-report-complete.md","f3ee476f5afe3aced6f48916ec41e783363bb329b9f27bf296faa070f1bc98b4"
"md","task-template","bmm","bmm/workflows/4-implementation/create-tasks/task-template.md","ed9879f6599e65fcdadf36d6d84fc72c82c5c298fe0f87fcb40c0d478d20af45"
"md","tech-spec-template","bmm","bmm/workflows/skad-quick-flow/quick-spec/tech-spec-template.md","6e0ac4991508fec75d33bbe36197e1576d7b2a1ea7ceba656d616e7d7dadcf03"
"md","tech-spec-template","bmm","bmm/workflows/skad-quick-flow/skad-quick-dev-new-preview/tech-spec-template.md","5d253f505d7584633efe55fe7b16a5bbd630708a075542a0e5f6b563ef1218b2"
"md","template","bmm","bmm/workflows/4-implementation/create-story/template.md","d8e085c645e73080169c7c604e8eb9e4c541dcd844adefcb2b8a140bf35e826c"
"md","ux-design-template","bmm","bmm/workflows/2-plan-workflows/create-ux-design/ux-design-template.md","ffa4b89376cd9db6faab682710b7ce755990b1197a8b3e16b17748656d1fca6a"
"md","workflow","bmm","bmm/workflows/1-analysis/create-product-brief/workflow.md","169575a23a3ac647fb2074a0f02d14fa07b654a2845f732e80e6b04100b8f59a"
"md","workflow","bmm","bmm/workflows/2-plan-workflows/create-ux-design/workflow.md","67244aea344e37912a4a2573481fc6ae78027767b1ce90236eb2089c81ae2ff1"
"md","workflow","bmm","bmm/workflows/3-solutioning/check-implementation-readiness/workflow.md","3b6744618d7e2fcba202b582d5e2b480182cd2707bd3ab65ed5a022ffb44c619"
"md","workflow","bmm","bmm/workflows/3-solutioning/create-architecture/workflow.md","1dbcbca79449fc62035e6008a7c5d288ad6d6a5bd8b8b9b0cf8a95ad76e18887"
"md","workflow","bmm","bmm/workflows/3-solutioning/create-epics-and-stories/workflow.md","816ba3f3e74e6509565264cd4fb51a05f486ff65fb63a954844148b5726430fd"
"md","workflow","bmm","bmm/workflows/4-implementation/code-review/workflow.md","961f865b06f60bdf4dadd54e904110f66a616aa8123ab4b6f8f5aee9d9ae20e0"
"md","workflow","bmm","bmm/workflows/4-implementation/correct-course/workflow.md","dadf83336cb171c270abee32ad4f9c42e97728ea5fa99e4ff5c77e4dedf73cb2"
"md","workflow","bmm","bmm/workflows/4-implementation/create-story/workflow.md","6f51d3e7860cd6bae2eded21bb08ac3cabd12c06f2ac24016d6b09f01d6be7db"
"md","workflow","bmm","bmm/workflows/4-implementation/create-tasks/workflow.md","588ab59e9a7c87d7ac28b6637f493f5068fc80d5e660e34abe020ace074ec819"
"md","workflow","bmm","bmm/workflows/4-implementation/derive-and-diff/workflow.md","06ad143bb1724988ad01d8e8cea4ec3a04909a8055c0704fea78a34c95ca6be9"
"md","workflow","bmm","bmm/workflows/4-implementation/dev-story/workflow.md","965f26926da821320359e17e647dca5781174ee2ef03898c1684ee26824d483f"
"md","workflow","bmm","bmm/workflows/4-implementation/dev-tasks/workflow.md","5e2f76ec7126f4c1d4e5a020fd6cdf72e67e0c5bb9abe62562e7b0446103db65"
"md","workflow","bmm","bmm/workflows/4-implementation/openproject-sync/workflow.md","7f3d0180345229bc1eab97565dcd6751018c1e25d47005de9c785b730a7399c6"
"md","workflow","bmm","bmm/workflows/4-implementation/retrospective/workflow.md","219484da01ea6214b96049da8e4f9661a9eefcdfe635ed99e7871b8e375d40c5"
"md","workflow","bmm","bmm/workflows/4-implementation/sprint-planning/workflow.md","dbea2fca528ca257e295a8172838178a5e5438fa116181d42534eb76e56aab9b"
"md","workflow","bmm","bmm/workflows/4-implementation/sprint-status/workflow.md","2c52b866e11d408b6c7cc6c7f9e62136603a4554cc9ead7968322e5734d89eb1"
"md","workflow","bmm","bmm/workflows/document-project/workflow.md","d4de42752aa81ed874dbd2f807cbda88055c8063dbb861c1fc6e2d9cbb96efd7"
"md","workflow","bmm","bmm/workflows/generate-project-context/workflow.md","d0f1f681fd6a8b3dc67d05ddd060f3edbf9a5c8b2fa36a2403e6abade98baebe"
"md","workflow","bmm","bmm/workflows/qa-generate-e2e-tests/workflow.md","076ece4ac44aa9a34bb1d8e320ff5212acc4ab66683924708d252d92f694ce1f"
"md","workflow","bmm","bmm/workflows/skad-quick-flow/quick-dev/workflow.md","2a71db9e06877d77cda6d22c4cbf387993cf0bbf43f2c9854e9921d76bb65448"
"md","workflow","bmm","bmm/workflows/skad-quick-flow/quick-spec/workflow.md","8671c1bca5413534e10d42fba71d70f405a535db5760c80f3aeadc4883b6e32b"
"md","workflow","bmm","bmm/workflows/skad-quick-flow/skad-quick-dev-new-preview/workflow.md","f53e36e43db92cbeba621f04bc6c2ed2a967e852a2c2958b4b02fdfdd619470e"
"md","workflow-create-prd","bmm","bmm/workflows/2-plan-workflows/create-prd/workflow-create-prd.md","369b09317500f786259725520e490d90c019705c7c60a5ab3a5d8cc7a499bd7a"
"md","workflow-domain-research","bmm","bmm/workflows/1-analysis/research/workflow-domain-research.md","884f5c2e4b84d9257854509f1cd276d00e23145b19d5bdffc6b8c649c154d03a"
"md","workflow-edit-prd","bmm","bmm/workflows/2-plan-workflows/create-prd/workflow-edit-prd.md","f6976c920ac2f4b90828a445dd62071e7e511b1c4144de1380ead9ddc69e6632"
"md","workflow-market-research","bmm","bmm/workflows/1-analysis/research/workflow-market-research.md","264736e880bd8aacdc7b49a3da7ec3f042e72b07fc0d52b6de952ef3a82b2e16"
"md","workflow-technical-research","bmm","bmm/workflows/1-analysis/research/workflow-technical-research.md","09d443c732c4eaa9be2a3c8d1544e8683d4871897e235219cb4d3e7ba478d38c"
"md","workflow-validate-prd","bmm","bmm/workflows/2-plan-workflows/create-prd/workflow-validate-prd.md","eff06dd813fab859b181f6e79d47ec70ab93b00371dfa908bc0e4ea0276ac38f"
"py","op-status","bmm","bmm/lib/op-status.py","2895ed6c5825bfe7533fca9c2e917f94bd9a77af270483ac59a7843d50e52bf6"
"sh","openproject-env","bmm","bmm/lib/openproject-env.sh","a5999d83049d9852feaeeff3620d34506631f6b5b45c0f95bf3c89d3b2c42c17"
"xml","instructions","bmm","bmm/workflows/4-implementation/dev-story/instructions.xml","3f0e9fa2c677a8696836b735cfbd951c18c3c3ab42cd370028ef43d9ed9a599a"
"yaml","config","bmm","bmm/config.yaml","135cde374947e7ab29cad55e5c4721d551752294bac60cfc49a856298b7db196"
"yaml","skad-skill-manifest","bmm","bmm/agents/skad-skill-manifest.yaml","27add28da84df7c5764a67330675baeae9d8fed513000c2d6a215d5934c6c28d"
"yaml","skad-skill-manifest","bmm","bmm/agents/tech-writer/skad-skill-manifest.yaml","cc054439a7f9d1512c3fd7bbfb090f3deef7863ad5233fcb4d194d1c346e916b"
"yaml","skad-skill-manifest","bmm","bmm/workflows/1-analysis/create-product-brief/skad-skill-manifest.yaml","8eb528c93939681479b0436856d23f25d9061141b268ff95c42119c5818e83e1"
"yaml","skad-skill-manifest","bmm","bmm/workflows/1-analysis/research/skad-skill-manifest.yaml","ea969fdd445f0bcc4f6ea8b8e14a83f510d283aba1a1b5bdedbc41713110af8d"
"yaml","skad-skill-manifest","bmm","bmm/workflows/2-plan-workflows/create-prd/skad-skill-manifest.yaml","7a67712443755fe2e3637a8931ce3552bd778617e2803abeee365b9f2a1a3b64"
"yaml","skad-skill-manifest","bmm","bmm/workflows/2-plan-workflows/create-ux-design/skad-skill-manifest.yaml","28a96b542141d42dababd369426aefff9d7ae227afcbbc9c46fafe2da6623f15"
"yaml","skad-skill-manifest","bmm","bmm/workflows/3-solutioning/check-implementation-readiness/skad-skill-manifest.yaml","39119dccfd4a02b732e11397d76aeff6cb34e218919e1d3fe7fbcca63132a6b6"
"yaml","skad-skill-manifest","bmm","bmm/workflows/3-solutioning/create-architecture/skad-skill-manifest.yaml","6372d221a99384001816c010049fba67f674749159fee454b4f5f0e51a83625e"
"yaml","skad-skill-manifest","bmm","bmm/workflows/3-solutioning/create-epics-and-stories/skad-skill-manifest.yaml","9cd35cd6a864807ce52cdca5a21e6a4cdf16fbd67b6744a6ea7bdbbeeda4f499"
"yaml","skad-skill-manifest","bmm","bmm/workflows/4-implementation/code-review/skad-skill-manifest.yaml","bfc26ee5130c218d1dc322367acfd96304f90cd619669c7911e0e75d9e67b1a4"
"yaml","skad-skill-manifest","bmm","bmm/workflows/4-implementation/correct-course/skad-skill-manifest.yaml","a0332d707ceecc01d8644a385b5b68d974e3bf796dff6fb642d5dbedd67c5e6e"
"yaml","skad-skill-manifest","bmm","bmm/workflows/4-implementation/create-story/skad-skill-manifest.yaml","11a8d8273accff949c224526b554a1aa3017c3d5fdc30d6b10171b3a1e037e24"
"yaml","skad-skill-manifest","bmm","bmm/workflows/4-implementation/create-tasks/skad-skill-manifest.yaml","6b415176f759280a53769bfb7e2c1ac5c80511d6ae89f318678cdfcfe8d99720"
"yaml","skad-skill-manifest","bmm","bmm/workflows/4-implementation/derive-and-diff/skad-skill-manifest.yaml","e55c6ede05082cd24e5fc4a58827d866072a21282768c089eb557873dae3dfc4"
"yaml","skad-skill-manifest","bmm","bmm/workflows/4-implementation/dev-story/skad-skill-manifest.yaml","9b8babc39f1c3327dfadf27f7d6cab4a0f6984e6dae988cbed573972cce5c56f"
"yaml","skad-skill-manifest","bmm","bmm/workflows/4-implementation/dev-tasks/skad-skill-manifest.yaml","41bf89dd2459796e80ba7ac8f3f305a4bbf1c1d61a221708ab81cb380a6dff99"
"yaml","skad-skill-manifest","bmm","bmm/workflows/4-implementation/openproject-sync/skad-skill-manifest.yaml","f49fb657aab21a8b036cf2f1caaa8835f0baec32502be36ef4d3fc9a0a590594"
"yaml","skad-skill-manifest","bmm","bmm/workflows/4-implementation/retrospective/skad-skill-manifest.yaml","f47f7dfe5a588974c45ffea8ac3c600d6d0034f5cf3f2cb80f2a2bfed439afb9"
"yaml","skad-skill-manifest","bmm","bmm/workflows/4-implementation/sprint-planning/skad-skill-manifest.yaml","146b70002832b7900211de7f7a726a9172a7a1c72ad6a2cbf2a71479c5f48819"
"yaml","skad-skill-manifest","bmm","bmm/workflows/4-implementation/sprint-status/skad-skill-manifest.yaml","c4cb72c69aa887287979ca780d8c2d61e5bdf4e469335f5408c41437f6628e6b"
"yaml","skad-skill-manifest","bmm","bmm/workflows/document-project/skad-skill-manifest.yaml","14b7876e5e00020658305a0d58526f63ae43ab9d59068d3ab34c948075449622"
"yaml","skad-skill-manifest","bmm","bmm/workflows/generate-project-context/skad-skill-manifest.yaml","3a62e02520fa182dc07802cc316624a280ac59311a6ea5f0c85fe5ef93b0745e"
"yaml","skad-skill-manifest","bmm","bmm/workflows/qa-generate-e2e-tests/skad-skill-manifest.yaml","299d60e36afc3344453989443f907daa882d232d78035162ca0fcd902209b71e"
"yaml","skad-skill-manifest","bmm","bmm/workflows/skad-quick-flow/quick-dev/skad-skill-manifest.yaml","c384787e2da4d7dfff3e899507551cdd67d6a5d0d81ac6be84c424443c8bf965"
"yaml","skad-skill-manifest","bmm","bmm/workflows/skad-quick-flow/quick-spec/skad-skill-manifest.yaml","52468b78680afc7de4ca5ba9d651535e4378346dbdb2a2322d761614e19f60db"
"yaml","skad-skill-manifest","bmm","bmm/workflows/skad-quick-flow/skad-quick-dev-new-preview/skad-skill-manifest.yaml","ea1b058a23cd4fb442f2e7bc7a3a871b73391c0d18c32ddad020dd56b20425ee"
"yaml","sprint-status-template","bmm","bmm/workflows/4-implementation/sprint-planning/sprint-status-template.yaml","63badd36100485d4503aa1632f4c9982db8930be595f399526de6957ed67a333"
"yaml","team-fullstack","bmm","bmm/teams/team-fullstack.yaml","2e8b3a60951c8aa0885744d959d839e4ed56d7154b28bef60a5a946ec0d41f72"
"csv","brain-methods","core","core/workflows/brainstorming/brain-methods.csv","0ab5878b1dbc9e3fa98cb72abfc3920a586b9e2b42609211bb0516eefd542039"
"csv","methods","core","core/workflows/advanced-elicitation/methods.csv","e08b2e22fec700274982e37be608d6c3d1d4d0c04fa0bae05aa9dba2454e6141"
"csv","module-help","core","core/module-help.csv","ac28ecead013989861deb90e27380bfbf938746f4ac638213ecf3befdfce2389"
"csv","stage-profiles","core","core/workflows/thirteenth-man-review/stage-profiles.csv","ee0e4ee799eec9cdb1e88581585aea4ff07986284a949a9f3809f1f3ba2149a5"
"md","help","core","core/tasks/help.md","9c91077110c79136b140861e0958d88b5a82fbc713b80a424472ac6ebee3617f"
"md","README","core","core/hooks/README.md","f1110cd6903cbbf6225cd4ae6edffe8c04b5931bba09bcb7840186fbf00bf80d"
"md","step-01-agent-loading","core","core/workflows/party-mode/steps/step-01-agent-loading.md","145f0f4419706f7a4aacd41972a0f84f3dd67dc8339c7fc8408b8772ff3da50b"
"md","step-01-scope","core","core/workflows/thirteenth-man-review/steps/step-01-scope.md","02635fd0947da9fbbaed26277380bb29a8e72fd62f1cdf4883b46cc97f3023d4"
"md","step-01-session-setup","core","core/workflows/brainstorming/steps/step-01-session-setup.md","a2376d8394fb84e3b5b45c7ecfe00c8f5ae0a0737f547d03108e735e41b99412"
"md","step-01b-continue","core","core/workflows/brainstorming/steps/step-01b-continue.md","bb88e341a25e5e33d533046470a6a4e828ff427066f49bf29ccd22c507c7f726"
"md","step-02-derive","core","core/workflows/thirteenth-man-review/steps/step-02-derive.md","e12075b08ec93cf15c254fbfb0ae5a08bef9c15bd2771fd7cb6de6a99fa63f78"
"md","step-02-discussion-orchestration","core","core/workflows/party-mode/steps/step-02-discussion-orchestration.md","f9ca92e7a44277be522db5cd2c8ff33ff440bb83cab46fb029f94d7afa05aa92"
"md","step-02a-user-selected","core","core/workflows/brainstorming/steps/step-02a-user-selected.md","558b162466745b92687a5d6e218f243a98436dd177b2d5544846c5ff4497cc94"
"md","step-02b-ai-recommended","core","core/workflows/brainstorming/steps/step-02b-ai-recommended.md","99aa935279889f278dcb2a61ba191600a18e9db356dd8ce62f0048d3c37c9531"
"md","step-02c-random-selection","core","core/workflows/brainstorming/steps/step-02c-random-selection.md","f188c260c321c7f026051fefcd267a26ee18ce2a07f64bab7f453c0c3e483316"
"md","step-02d-progressive-flow","core","core/workflows/brainstorming/steps/step-02d-progressive-flow.md","a28c7a3edf34ceb0eea203bf7dc80f39ca04974f6d1ec243f0a088281b2e55de"
"md","step-03-graceful-exit","core","core/workflows/party-mode/steps/step-03-graceful-exit.md","4c0eed949b70d5b1938001862ce26b434dfe4f0e517c3a3d5c495307e821ec56"
"md","step-03-technique-execution","core","core/workflows/brainstorming/steps/step-03-technique-execution.md","58e14f8f8203c5b8972db7fe90ee308c880f4a0fa95059c87f5986838ddbdae8"
"md","step-03-verdict","core","core/workflows/thirteenth-man-review/steps/step-03-verdict.md","4f2b836b4cf5cf2d76037046698979fc8ba57e1a97410caab231ed0b946c63ef"
"md","step-04-idea-organization","core","core/workflows/brainstorming/steps/step-04-idea-organization.md","cec7bc5c28248afb3282d7a5fcafed184371462417326dec38b89b157e2cffa6"
"md","template","core","core/workflows/brainstorming/template.md","5c99d76963eb5fc21db96c5a68f39711dca7c6ed30e4f7d22aedee9e8bb964f9"
"md","thirteenth-man","core","core/subagents/thirteenth-man.md","449c7d01e940cb6501ae2e484b62728bd85c79baab1d36578a6ab85905babf59"
"md","workflow","core","core/tasks/skad-review-adversarial-general/workflow.md","0aae7d03717b7174f21545567e3ad0087d348b40aa8d78e3c3b8cea9214d87f9"
"md","workflow","core","core/workflows/advanced-elicitation/workflow.md","e65fc2c7bc460dd18b841eed8d7b7aeedb9627d5821fb1a4318fecd4bba5d1b0"
"md","workflow","core","core/workflows/brainstorming/workflow.md","8a4a70083d16467c6cb42cc73dd04a2041acfc7664679c129f7b82f036221566"
"md","workflow","core","core/workflows/party-mode/workflow.md","ddc87f04fb53e29864f9d7918fa7fd421cf3562a54d6f6840c28970c92b241fa"
"md","workflow","core","core/workflows/thirteenth-man-review/workflow.md","51d07517e6beb371a24a6940d46ad977eb3c0d73db54abdbc7111311616d0fe2"
"sh","skad-heartbeat","core","core/hooks/skad-heartbeat.sh","f638bb6bba4632ff2c09915458f8eccd9e66e40b9daf60e8c34e481848f1348d"
"sh","skad-heartbeat_test","core","core/hooks/skad-heartbeat_test.sh","87b34ee4237a2212254966ff336071efe6832a461b38c610d6c3a5e2e71d287b"
"sh","skad-heartbeat-reset","core","core/hooks/skad-heartbeat-reset.sh","c107ea52d65e571673629a81cec77dfcff5c1bf784d3d8c61661338dbb6afe4f"
"xml","editorial-review-prose","core","core/tasks/editorial-review-prose.xml","ef51047c127a8565ce15c8fde91165acf3f1aba0f15bb3ac9cb752fda5f48b4d"
"xml","editorial-review-structure","core","core/tasks/editorial-review-structure.xml","7b340a34ac9f470e480cf514ac53e5a2c4700aa3c1fb96bf5488e942c9f2dce8"
"xml","index-docs","core","core/tasks/index-docs.xml","cbea081d669c9cdea644a99c7d2b0ebdb54917270fc99cc44be606064e636070"
"xml","review-edge-case-hunter","core","core/tasks/review-edge-case-hunter.xml","204db92bb61787f6adb3e2d15782d1bbf492fd3287bae6d444b8f2bb8833d0c5"
"xml","shard-doc","core","core/tasks/shard-doc.xml","68b4ebe6c195bf798532a642bb2663b9b9f31127334cacbad9b0344fe85c5a63"
"xml","workflow","core","core/tasks/workflow.xml","9d27c8a4aee60fd9dcd775c8f6efa7917da292c0b10c4ffe0624cd2c77022394"
"yaml","config","core","core/config.yaml","5a8c7fb7f4e90ea3b951f84654cf1d77874734a08b0d6fdcec7a97409daab490"
"yaml","skad-skill-manifest","core","core/agents/skad-skill-manifest.yaml","7d9811ea119f65259dee5707f93033df0c30c16302f96b897b833e9facdbe3a4"
"yaml","skad-skill-manifest","core","core/tasks/skad-review-adversarial-general/skad-skill-manifest.yaml","ea1b058a23cd4fb442f2e7bc7a3a871b73391c0d18c32ddad020dd56b20425ee"
"yaml","skad-skill-manifest","core","core/tasks/skad-skill-manifest.yaml","85f98b1cdf63286af4ee7fc3ffe243c2d4e125a084a459656a02bbbed8aeda4e"
"yaml","skad-skill-manifest","core","core/workflows/advanced-elicitation/skad-skill-manifest.yaml","b804a8ad1ce373c9700b003f44400b4c98266a180a9e7e66c3db591a7dbcd209"
"yaml","skad-skill-manifest","core","core/workflows/brainstorming/skad-skill-manifest.yaml","06efc16ba115b011e00e5529a3ced6400e14eca6d72f20087821b286a09468b5"
"yaml","skad-skill-manifest","core","core/workflows/party-mode/skad-skill-manifest.yaml","535d56548e5651abe17fb8e6ddddbc3be0bdb9e1e93f4124f0f81ad299c4de8b"
"yaml","skad-skill-manifest","core","core/workflows/thirteenth-man-review/skad-skill-manifest.yaml","825691b1954fd55974deb222ec5e5864b05778f8be4709469f446003fc56048e"
