stage_id,phase,gate_after,artifacts,primary_sources,what_to_attack,blocking
product-brief,1-analysis,create-product-brief,"{output_folder}/planning-artifacts/product-brief-*.md","market data, competitor sites and docs, existing code, user interviews","Problem framing accepted without evidence. Market size asserted, not sourced. 'No one else does this' claims — find three who do. Personas invented to fit the solution. Success framed so it cannot fail.",no
research,1-analysis,research,"{output_folder}/planning-artifacts/research-*.md","vendor documentation, primary sources, changelogs, release notes","Stale sources presented as current — check dates. Blog summaries cited instead of vendor docs. Cherry-picked evidence: search for the disconfirming case explicitly. Conclusions that do not follow from the cited material.",no
prd,2-plan-workflows,create-prd,"{output_folder}/planning-artifacts/prd.md","existing code, config, CI, running system","Requirements that are not testable as written. Requirements with no owner. Contradictions between FRs, and between FRs and NFRs. Requirements already satisfied by existing code — check before they are built again. Requirements assumed absent that exist but are unwired or off by default. Counts stated rather than computed.",yes
ux-design,2-plan-workflows,create-ux-design,"{output_folder}/planning-artifacts/ux-design.md","existing UI code, accessibility standards, real device/browser behaviour","Flows that dead-end or have no error state. Accessibility skipped on the false premise that there is no UI — enumerate every rendered surface first. Happy-path-only journeys. Designs that contradict the PRD's own constraints.",no
architecture,3-solutioning,create-architecture,"{output_folder}/planning-artifacts/architecture.md","code, config, chart values, CI workflows, vendor docs","Technology chosen for novelty rather than fit. Failure modes undocumented — for each component ask what happens when it is unavailable, slow, or lying. Silent-failure paths: can each degraded path report that it failed? Scaling claims with no numbers behind them. Architecture that contradicts what the code already does.",yes
epics-and-stories,3-solutioning,create-epics-and-stories,"{output_folder}/planning-artifacts/epics.md","prd.md as the thing under test, existing code","Stories that cannot be completed independently. Hidden cross-story dependencies. Epics with no acceptance criteria. Requirements from the PRD that appear in NO story — map every single one and name the orphans. Stories sized by optimism. HARD DEPENDENCIES: every epic, feature and story declares `Depends on:` — find one that points FORWARD (its dependency is ordered after it), one marked soft that is really hard (the dependent cannot be built correctly without it), and one field left blank rather than written `none`. Criteria: an epic or feature whose acceptance criteria are the union of its children's rather than its own, and any criterion that cannot be verified against a running system.",yes
implementation-readiness,3-solutioning,check-implementation-readiness,"prd.md, architecture.md, ux-design.md, epics.md","all four artifacts cross-checked against code","The 'ready' verdict itself. Disagreements between the four documents. Blocking preconditions with no owner. Anything declared ready that depends on infrastructure nobody has confirmed exists.",yes
story-complete,4-implementation,dev-story,"story file, changed files, test output","the running system, the diff, CI logs","'Done' claimed from local gates alone — check committed, pushed, merged, deployed. Acceptance criteria marked met with no artifact proving it. Tests that assert a status code rather than the effect. Edits that exist only in a working tree.",yes
code-review,4-implementation,code-review,"review output, the diff","the diff itself, the full file around each hunk","What the review did NOT look at. Findings marked resolved without a corresponding change. Whole-file context missed by a hunk-scoped review. Approval of a change whose failure mode is silent.",yes
qa-artifacts,4-implementation,qa-generate-e2e-tests,"test files, coverage reports, CI runs","the tests themselves, the infrastructure they run against","MOCK HUNT: every test labelled integration or E2E, inspect its setup — in-memory fakes, in-process servers with stubbed downstreams, monkeypatched clients, fake databases. A mock in an integration test is a DEFECT. FALSE GREEN: a test asserting 200/non-null/startswith without exercising the artifact — if it asserts a URL, fetch it; an upload, get the object back; a token, use it. Tests that cannot fail. Coverage percentage quoted as if it were correctness. Gates that have never failed — inject a violation and prove the gate catches it.",yes
retrospective,4-implementation,retrospective,"{output_folder}/planning-artifacts/retrospective-*.md","sprint artifacts, commit history, incident records","Root causes that are restatements of the symptom. Action items with no owner or date. Lessons recorded locally that were never generalised into a rule — the same class will recur. Successes claimed that the artifacts do not support.",no
story-contract,4-implementation,create-story,"story file","prd.md and epics.md as things under test, existing code","Stories that cannot be completed independently. Acceptance criteria that cannot be tested as written. Criteria that restate the title. Dependencies on work not yet scheduled. Context the implementer will have to guess at.",no
task-breakdown,4-implementation,create-tasks,"task files","the story file, existing code","Task files that are not self-contained — an implementer would have to read something not referenced. Acceptance criteria with no task covering them; map every one and name the orphans. Tasks whose 'done' is unobservable.",no
course-correction,4-implementation,correct-course,"sprint-change-proposal-*.md","sprint-status.yaml, story and task files, the diff so far","Change proposed without establishing the original plan was actually wrong. Work already in flight that the proposal silently invalidates. Edits proposed without a before/after. No rollback if the correction is itself wrong.",yes
project-context,document-project,generate-project-context,"{output_folder}/project-context.md","the repository itself — code, config, CI, dependency manifests","Rules asserted that the code does not follow. Structure described that does not match the tree. Stale commands, paths or versions — run them. Absent conventions claimed as present. This file instructs every future agent, so an error here propagates into all downstream work.",yes
sprint-plan,4-implementation,sprint-planning,"{implementation_artifacts}/sprint-status.yaml","epics.md as a thing under test, existing story and task files, git history","Statuses asserted that the files contradict — check each story's own file. Stories in the plan that exist nowhere. Stories on disk missing from the plan. Ordering that ignores a real dependency. A regenerated plan silently overwriting hand-edited status.",no
prd-edit,2-plan-workflows,workflow-edit-prd,"{planning_artifacts}/prd.md","the PRD's own git diff, existing code, epics.md","Requirements the edit broke that it did not touch — diff the whole file, not the edited sections. Numbering and cross-references left stale. Downstream artifacts (epics, stories, architecture) now contradicting the edited PRD. Scope added under cover of an edit.",yes
quick-spec,skad-quick-flow,quick-spec,"{implementation_artifacts}/tech-spec-*.md","existing code, config, the running system","'Ready for development' asserted without saying what done looks like. Acceptance criteria absent or untestable. Existing code that already does this — check before it is built again. Speed used as a reason to skip the question of whether it is the right thing.",yes
quick-dev,skad-quick-flow,quick-dev,"the diff, changed files, tech-spec-*.md","the diff itself, the full file around each hunk, the running system","Changes beyond what the spec asked for. Hunk-scoped review missing whole-file context. Silent failure paths introduced. Untested code declared done. In direct mode, no spec at all to check against — say so rather than inventing one.",yes
project-docs,document-project,document-project,"{project_knowledge}/ documentation tree","the repository itself — code, config, CI, dependency manifests","Structure documented that does not match the tree. Commands, paths and versions that no longer run — run them. Components described from their names rather than their code. Documentation generated for code that no longer exists.",no
epic-acceptance,4-implementation,dev-tasks,"the epic rollup (one row per epic acceptance criterion), the QA run evidence, epics.md","the RUNNING application on real infrastructure, the epic's own acceptance criteria, the closed stories and their artifacts","The rollup itself: for each epic acceptance criterion, does a story actually discharge it, and is the evidence an artifact rather than a status? ORPHANS: criteria with no story under them — map every criterion and name them. UNEVIDENCED: a criterion whose only proof is a story's status. SEAMS: the epic's stories passed one at a time; exercise what crosses them — a flow spanning stories, state one leaves that another reads, a surface that regressed while a later story was built. Criteria reworded during implementation to match what got built. An epic declared complete while its own criteria were never read.",yes
derive-and-diff,4-implementation,derive-and-diff,"the expectations set, the reader's map of what exists, the diff and its dispositions","the source the map describes, and the owner's own stated goals","The SEPARATION: did the reader see the expectations? A map that agrees with them suspiciously well was anchored, and the diff is then a formality. Expectations written AFTER the machinery, describing it rather than deriving from the goal — check the provenance marks and challenge every [DERIVED] item the owner never ratified. Gaps classified as 'not built' that are only 'not on'. Machinery no expectation calls for, left unnamed because removing it is unwelcome. A diff that finds only what the known-gaps list already named, which means the review spent its cost rediscovering.",no
